﻿Designator,Footprint,Quantity,Value,LCSC Part #
"D1, D10, D11, D12, D13, D14, D15, D16, D17, D18, D19, D2, D20, D21, D22, D23, D24, D25, D26, D27, D28, D29, D3, D30, D31, D32, D33, D34, D35, D36, D37, D38, D39, D4, D40, D41, D42, D43, D44, D45, D46, D47, D48, D49, D5, D50, D51, D52, D53, D54, D55, D56, D57, D58, D59, D6, D60, D61, D62, D63, D64, D65, D66, D67, D68, D69, D7, D70, D71, D72, D73, D74, D8, D9",Diode_SMD,74,D,
"SW1, SW10, SW11, SW12, SW13, SW15, SW16, SW17, SW18, SW19, SW2, SW20, SW21, SW22, SW23, SW24, SW25, SW26, SW28, SW29, SW3, SW30, SW31, SW32, SW33, SW34, SW35, SW36, SW37, SW38, SW39, SW4, SW41, SW42, SW43, SW44, SW45, SW46, SW47, SW48, SW49, SW5, SW50, SW51, SW52, SW54, SW56, SW58, SW59, SW6, SW61, SW63, SW64, SW65, SW66, SW67, SW69, SW7, SW70, SW71, SW72, SW73, SW74, SW8, SW9",CherryMX_Hotswap_1u,65,SW_PUSH,
SW14,CherryMX_Hotswap_1.5u,1,SW_PUSH,
SW27,CherryMX_Hotswap_1.75u,1,SW_PUSH,
SW40,CherryMX_Hotswap_2.25u,1,SW_PUSH,
"SW53, SW55, SW57, SW60, SW62",CherryMX_Hotswap_1.25u,5,SW_PUSH,
SW68,CherryMX_Hotswap_ISO,1,SW_PUSH,
U1,RP2040-Zero-TH,1,RP2040-Zero,
